{"cameraMode":{"drawMode":0,"name":"Shaded","section":"Shading Mode"},"sceneLighting":false,"audioPlay":false,"sceneViewState":{"m_AlwaysRefresh":false,"showFog":true,"showSkybox":false,"showFlares":true,"showImageEffects":true,"showParticleSystems":true,"showVisualEffectGraphs":true,"m_FxEnabled":true},"in2DMode":false,"pivot":{"x":-0.17194288969039918,"y":1.737065076828003,"z":-0.0007355213165283203},"rotation":{"x":0.07941222190856934,"y":0.31185269355773928,"z":-0.02616640366613865,"w":0.9464457035064697},"size":2.190803289413452,"orthographic":false}