{"cameraMode":{"drawMode":0,"name":"Shaded","section":"Shading Mode"},"sceneLighting":true,"audioPlay":false,"sceneViewState":{"m_AlwaysRefresh":false,"showFog":true,"showSkybox":true,"showFlares":true,"showImageEffects":true,"showParticleSystems":true,"showVisualEffectGraphs":true,"m_FxEnabled":true},"in2DMode":false,"pivot":{"x":28.849702835083009,"y":-9.891090393066407,"z":6.7086100578308109},"rotation":{"x":0.5431733131408691,"y":-0.007308138068765402,"z":0.004728990141302347,"w":0.8396273851394653},"size":11.840270042419434,"orthographic":false}