{"cameraMode":{"drawMode":0,"name":"Shaded","section":"Shading Mode"},"sceneLighting":true,"audioPlay":false,"sceneViewState":{"m_AlwaysRefresh":false,"showFog":true,"showSkybox":true,"showFlares":true,"showImageEffects":true,"showParticleSystems":true,"showVisualEffectGraphs":true,"m_FxEnabled":true},"in2DMode":false,"pivot":{"x":29.970840454101564,"y":14.600191116333008,"z":28.063074111938478},"rotation":{"x":0.5765467286109924,"y":-0.02180532179772854,"z":0.015409758314490319,"w":0.8166953921318054},"size":14.948514938354493,"orthographic":false}