{"cameraMode":{"drawMode":0,"name":"Shaded","section":"Shading Mode"},"sceneLighting":true,"audioPlay":false,"sceneViewState":{"m_AlwaysRefresh":false,"showFog":true,"showSkybox":true,"showFlares":true,"showImageEffects":true,"showParticleSystems":true,"showVisualEffectGraphs":true,"m_FxEnabled":true},"in2DMode":false,"pivot":{"x":35.76797103881836,"y":-6.430482864379883,"z":24.114768981933595},"rotation":{"x":0.46602484583854678,"y":-0.009014720097184182,"z":0.0047492654994130138,"w":0.8847355246543884},"size":33.93754959106445,"orthographic":false}