{"cameraMode":{"drawMode":0,"name":"Shaded","section":"Shading Mode"},"sceneLighting":true,"audioPlay":false,"sceneViewState":{"m_AlwaysRefresh":false,"showFog":true,"showSkybox":true,"showFlares":true,"showImageEffects":true,"showParticleSystems":true,"showVisualEffectGraphs":true,"m_FxEnabled":true},"in2DMode":false,"pivot":{"x":40.16328811645508,"y":1.7572531700134278,"z":33.935157775878909},"rotation":{"x":0.36907047033309939,"y":0.03652016445994377,"z":-0.014519625343382359,"w":0.9285851120948792},"size":12.195082664489746,"orthographic":false}