{"cameraMode":{"drawMode":0,"name":"Shaded","section":"Shading Mode"},"sceneLighting":true,"audioPlay":false,"sceneViewState":{"m_AlwaysRefresh":false,"showFog":true,"showSkybox":true,"showFlares":true,"showImageEffects":true,"showParticleSystems":true,"showVisualEffectGraphs":true,"m_FxEnabled":true},"in2DMode":false,"pivot":{"x":-21.705007553100587,"y":0.280355840921402,"z":45.69143295288086},"rotation":{"x":-0.16602179408073426,"y":-0.013891324400901795,"z":0.0023385982494801285,"w":-0.9860281348228455},"size":3.4499263763427736,"orthographic":false}