{"cameraMode":{"drawMode":0,"name":"Shaded","section":"Shading Mode"},"sceneLighting":true,"audioPlay":false,"sceneViewState":{"m_AlwaysRefresh":false,"showFog":true,"showSkybox":true,"showFlares":true,"showImageEffects":true,"showParticleSystems":true,"showVisualEffectGraphs":true,"m_FxEnabled":true},"in2DMode":false,"pivot":{"x":26.009803771972658,"y":-16.26324462890625,"z":21.061614990234376},"rotation":{"x":0.5721601247787476,"y":-0.09421122819185257,"z":0.06638619303703308,"w":0.8120299577713013},"size":16.875455856323243,"orthographic":false}