{"cameraMode":{"drawMode":0,"name":"Shaded","section":"Shading Mode"},"sceneLighting":true,"audioPlay":false,"sceneViewState":{"m_AlwaysRefresh":false,"showFog":true,"showSkybox":true,"showFlares":true,"showImageEffects":true,"showParticleSystems":true,"showVisualEffectGraphs":true,"m_FxEnabled":true},"in2DMode":false,"pivot":{"x":40.09894943237305,"y":-41.424232482910159,"z":49.376319885253909},"rotation":{"x":0.4910660684108734,"y":-0.0036519027780741455,"z":0.002053887117654085,"w":0.8711280822753906},"size":44.2653923034668,"orthographic":false}