{"cameraMode":{"drawMode":0,"name":"Shaded","section":"Shading Mode"},"sceneLighting":true,"audioPlay":false,"sceneViewState":{"m_AlwaysRefresh":false,"showFog":true,"showSkybox":true,"showFlares":true,"showImageEffects":true,"showParticleSystems":true,"showVisualEffectGraphs":true,"m_FxEnabled":true},"in2DMode":false,"pivot":{"x":-3.382181167602539,"y":-45.649871826171878,"z":-19.14458465576172},"rotation":{"x":0.038708463311195376,"y":-0.9348018169403076,"z":0.33626848459243777,"w":0.10760639607906342},"size":45.111595153808597,"orthographic":false}