{"cameraMode":{"drawMode":0,"name":"Shaded","section":"Shading Mode"},"sceneLighting":true,"audioPlay":false,"sceneViewState":{"m_AlwaysRefresh":false,"showFog":true,"showSkybox":true,"showFlares":true,"showImageEffects":true,"showParticleSystems":true,"showVisualEffectGraphs":true,"m_FxEnabled":true},"in2DMode":false,"pivot":{"x":32.87909698486328,"y":-7.083870887756348,"z":16.797060012817384},"rotation":{"x":-0.5890620946884155,"y":0.027391226962208749,"z":-0.019984649494290353,"w":-0.8073886036872864},"size":38.25515365600586,"orthographic":false}