{"cameraMode":{"drawMode":0,"name":"Shaded","section":"Shading Mode"},"sceneLighting":true,"audioPlay":false,"sceneViewState":{"m_AlwaysRefresh":false,"showFog":true,"showSkybox":true,"showFlares":true,"showImageEffects":true,"showParticleSystems":true,"showVisualEffectGraphs":true,"m_FxEnabled":true},"in2DMode":false,"pivot":{"x":21.091381072998048,"y":-1.332082748413086,"z":27.800687789916993},"rotation":{"x":0.5169622898101807,"y":-0.0061562866903841499,"z":0.0037142145447432997,"w":0.8559862971305847},"size":16.138187408447267,"orthographic":false}