{"cameraMode":{"drawMode":0,"name":"Shaded","section":"Shading Mode"},"sceneLighting":true,"audioPlay":false,"sceneViewState":{"m_AlwaysRefresh":false,"showFog":true,"showSkybox":true,"showFlares":true,"showImageEffects":true,"showParticleSystems":true,"showVisualEffectGraphs":true,"m_FxEnabled":true},"in2DMode":false,"pivot":{"x":42.61842346191406,"y":3.8589553833007814,"z":24.858184814453126},"rotation":{"x":0.39192160964012148,"y":-0.06586994230747223,"z":0.028141096234321595,"w":0.9172212481498718},"size":24.32897186279297,"orthographic":false}