{"cameraMode":{"drawMode":0,"name":"Shaded","section":"Shading Mode"},"sceneLighting":true,"audioPlay":false,"sceneViewState":{"m_AlwaysRefresh":false,"showFog":true,"showSkybox":true,"showFlares":true,"showImageEffects":true,"showParticleSystems":true,"showVisualEffectGraphs":true,"m_FxEnabled":true},"in2DMode":false,"pivot":{"x":22.176708221435548,"y":-22.45199203491211,"z":51.8721923828125},"rotation":{"x":0.3369954228401184,"y":-0.020890938118100168,"z":0.007475851569324732,"w":0.9412528872489929},"size":32.52391052246094,"orthographic":false}