{"cameraMode":{"drawMode":0,"name":"Shaded","section":"Shading Mode"},"sceneLighting":true,"audioPlay":false,"sceneViewState":{"m_AlwaysRefresh":false,"showFog":true,"showSkybox":true,"showFlares":true,"showImageEffects":true,"showParticleSystems":true,"showVisualEffectGraphs":true,"m_FxEnabled":true},"in2DMode":false,"pivot":{"x":14.798210144042969,"y":1.7186267375946046,"z":49.535362243652347},"rotation":{"x":-0.19097793102264405,"y":-0.03884764760732651,"z":0.007563725113868713,"w":-0.9808021783828735},"size":10.10284423828125,"orthographic":false}