{"cameraMode":{"drawMode":0,"name":"Shaded","section":"Shading Mode"},"sceneLighting":false,"audioPlay":false,"sceneViewState":{"m_AlwaysRefresh":false,"showFog":true,"showSkybox":false,"showFlares":true,"showImageEffects":true,"showParticleSystems":true,"showVisualEffectGraphs":true,"m_FxEnabled":true},"in2DMode":false,"pivot":{"x":-2.6388680934906008,"y":1.8701196908950806,"z":0.8293259143829346},"rotation":{"x":0.09833313524723053,"y":0.0659244954586029,"z":-0.0065287877805531029,"w":0.9929475784301758},"size":1.9300537109375,"orthographic":false}