{"cameraMode":{"drawMode":0,"name":"Shaded","section":"Shading Mode"},"sceneLighting":false,"audioPlay":false,"sceneViewState":{"m_AlwaysRefresh":false,"showFog":true,"showSkybox":false,"showFlares":true,"showImageEffects":true,"showParticleSystems":true,"showVisualEffectGraphs":true,"m_FxEnabled":true},"in2DMode":false,"pivot":{"x":-0.8766815066337586,"y":1.9839977025985718,"z":0.13803505897521974},"rotation":{"x":0.07941222190856934,"y":0.31185269355773928,"z":-0.02616640366613865,"w":0.9464457035064697},"size":1.9300537109375,"orthographic":false}